spool logs\dml.crm.txt
connect crm/crm

--Antes de alterar verificar se o eclipse está abrindo no formato ISO-8859-1
--Devido problema de acentuacao ao dar insert na base de dados.

--------------------------------------------------------------------------------
-------------------------- Data Manipulation Language --------------------------
-------------------------------------- DML -------------------------------------
------------------------ SELECT, INSERT, UPDATE, DELETE ------------------------
---------------------------------- GRUPO ALUNO ---------------------------------
--------------------------------------------------------------------------------

-- TUTOR
insert into tb_tutor (id_tutor, tx_tutor) values (1,'Mãe');
insert into tb_tutor (id_tutor, tx_tutor) values (2,'Pai');
insert into tb_tutor (id_tutor, tx_tutor) values (3,'Avó');
insert into tb_tutor (id_tutor, tx_tutor) values (4,'Avô');
insert into tb_tutor (id_tutor, tx_tutor) values (5,'Tio');
insert into tb_tutor (id_tutor, tx_tutor) values (6,'Tia');
insert into tb_tutor (id_tutor, tx_tutor) values (7,'Primo');
insert into tb_tutor (id_tutor, tx_tutor) values (8,'Prima');
insert into tb_tutor (id_tutor, tx_tutor) values (9,'Madrasta');
insert into tb_tutor (id_tutor, tx_tutor) values (10,'Padastro');

-- FILIACAO
--insert into tb_filiacao (id_filiacao, tx_nome,in_sexo,id_tutor) values (sq_filiacao.nextval,'Luiza Pessoa de Carvalho','F',1);
--insert into tb_filiacao (id_filiacao, tx_nome,in_sexo,id_tutor) values (sq_filiacao.nextval,'Esteval Gomes dos Santos','M',2);

--------------------------------------------------------------------------------
-------------------------- Data Manipulation Language --------------------------
-------------------------------------- DML -------------------------------------
------------------------ SELECT, INSERT, UPDATE, DELETE ------------------------
-------------------------------- GRUPO DOMICILIO -------------------------------
--------------------------------------------------------------------------------
--pais
--http://www.bcb.gov.br/rex/ftp/paises.txt
insert into tb_pais(id_pais, tx_pais,in_sigla2,in_sigla3) values(1058,'Brasil','BR','BRA');
insert into tb_pais(id_pais, tx_pais,in_sigla2,in_sigla3) values(1,'Não Informado','NI','NID');

--regiao
insert into tb_regiao(id_regiao, tx_regiao) values(1,'Não Informado');
insert into tb_regiao(id_regiao, tx_regiao) values(2,'Centro - Oeste');
insert into tb_regiao(id_regiao, tx_regiao) values(3,'Norte');
insert into tb_regiao(id_regiao, tx_regiao) values(4,'Nordeste');
insert into tb_regiao(id_regiao, tx_regiao) values(5,'Sudeste');
insert into tb_regiao(id_regiao, tx_regiao) values(6,'Sul');

--estado
--http://portal.saude.gov.br/portal/arquivos/pdf/politica_saude_180610.pdf
INSERT INTO tb_estado(id_estado,in_sigla2,tx_estado,id_pais,id_regiao) VALUES (12,'AC','Acre',1058,3);
INSERT INTO tb_estado(id_estado,in_sigla2,tx_estado,id_pais,id_regiao) VALUES (27,'AL','Alagoas',1058,4);
INSERT INTO tb_estado(id_estado,in_sigla2,tx_estado,id_pais,id_regiao) VALUES (13,'AM','Amazonas',1058,3);
INSERT INTO tb_estado(id_estado,in_sigla2,tx_estado,id_pais,id_regiao) VALUES (16,'AP','Amapá',1058,3);
INSERT INTO tb_estado(id_estado,in_sigla2,tx_estado,id_pais,id_regiao) VALUES (29,'BA','Bahia',1058,4);
INSERT INTO tb_estado(id_estado,in_sigla2,tx_estado,id_pais,id_regiao) VALUES (23,'CE','Ceará',1058,4);
INSERT INTO tb_estado(id_estado,in_sigla2,tx_estado,id_pais,id_regiao) VALUES (53,'DF','Distrito Federal',1058,2);
INSERT INTO tb_estado(id_estado,in_sigla2,tx_estado,id_pais,id_regiao) VALUES (32,'ES','Espírito Santo',1058,5);
INSERT INTO tb_estado(id_estado,in_sigla2,tx_estado,id_pais,id_regiao) VALUES (52,'GO','Goiás',1058,2);
INSERT INTO tb_estado(id_estado,in_sigla2,tx_estado,id_pais,id_regiao) VALUES (21,'MA','Maranhão',1058,4);
INSERT INTO tb_estado(id_estado,in_sigla2,tx_estado,id_pais,id_regiao) VALUES (31,'MG','Minas Gerais',1058,5);
INSERT INTO tb_estado(id_estado,in_sigla2,tx_estado,id_pais,id_regiao) VALUES (50,'MS','Mato Grosso do Sul',1058,2);
INSERT INTO tb_estado(id_estado,in_sigla2,tx_estado,id_pais,id_regiao) VALUES (51,'MT','Mato Grosso',1058,2);
INSERT INTO tb_estado(id_estado,in_sigla2,tx_estado,id_pais,id_regiao) VALUES (15,'PA','Pará',1058,3);
INSERT INTO tb_estado(id_estado,in_sigla2,tx_estado,id_pais,id_regiao) VALUES (25,'PB','Paraíba',1058,4);
INSERT INTO tb_estado(id_estado,in_sigla2,tx_estado,id_pais,id_regiao) VALUES (26,'PE','Pernambuco',1058,4);
INSERT INTO tb_estado(id_estado,in_sigla2,tx_estado,id_pais,id_regiao) VALUES (22,'PI','Piauí',1058,4);
INSERT INTO tb_estado(id_estado,in_sigla2,tx_estado,id_pais,id_regiao) VALUES (41,'PR','Paraná',1058,6);
INSERT INTO tb_estado(id_estado,in_sigla2,tx_estado,id_pais,id_regiao) VALUES (33,'RJ','Rio de Janeiro',1058,5);
INSERT INTO tb_estado(id_estado,in_sigla2,tx_estado,id_pais,id_regiao) VALUES (24,'RN','Rio Grande do Norte',1058,4);
INSERT INTO tb_estado(id_estado,in_sigla2,tx_estado,id_pais,id_regiao) VALUES (11,'RO','Rondônia',1058,3);
INSERT INTO tb_estado(id_estado,in_sigla2,tx_estado,id_pais,id_regiao) VALUES (14,'RR','Roraima',1058,3);
INSERT INTO tb_estado(id_estado,in_sigla2,tx_estado,id_pais,id_regiao) VALUES (43,'RS','Rio Grande do Sul',1058,6);
INSERT INTO tb_estado(id_estado,in_sigla2,tx_estado,id_pais,id_regiao) VALUES (42,'SC','Santa Catarina',1058,6);
INSERT INTO tb_estado(id_estado,in_sigla2,tx_estado,id_pais,id_regiao) VALUES (28,'SE','Sergipe',1058,4);
INSERT INTO tb_estado(id_estado,in_sigla2,tx_estado,id_pais,id_regiao) VALUES (35,'SP','São Paulo',1058,5);
INSERT INTO tb_estado(id_estado,in_sigla2,tx_estado,id_pais,id_regiao) VALUES (17,'TO','Tocantis',1058,3);
INSERT INTO tb_estado(id_estado,in_sigla2,tx_estado,id_pais,id_regiao) VALUES (1,'NI','Não Informado',1058,1);

--cidades de sp
--http://www.ibge.gov.br/cidadesat/topwindow.htm?1
insert into tb_cidade (id_cidade, tx_cidade,id_estado) values (sq_cidade.nextval, 'Adamantina', 26);
insert into tb_cidade (id_cidade, tx_cidade,id_estado) values (sq_cidade.nextval, 'Adolfo', 26);
insert into tb_cidade (id_cidade, tx_cidade,id_estado) values (sq_cidade.nextval, 'Aguaí', 26);
insert into tb_cidade (id_cidade, tx_cidade,id_estado) values (sq_cidade.nextval, 'Águas da Prata', 26);
insert into tb_cidade (id_cidade, tx_cidade,id_estado) values (sq_cidade.nextval, 'Águas de Lindóia', 26);
insert into tb_cidade (id_cidade, tx_cidade,id_estado) values (sq_cidade.nextval, 'Águas de Santa Bárbara', 26);
insert into tb_cidade (id_cidade, tx_cidade,id_estado) values (sq_cidade.nextval, 'Águas de São Pedro', 26);
insert into tb_cidade (id_cidade, tx_cidade,id_estado) values (sq_cidade.nextval, 'Agudos', 26);
insert into tb_cidade (id_cidade, tx_cidade,id_estado) values (sq_cidade.nextval, 'Alambari', 26);
insert into tb_cidade (id_cidade, tx_cidade,id_estado) values (sq_cidade.nextval, 'Alfredo Marcondes', 26);
insert into tb_cidade (id_cidade, tx_cidade,id_estado) values (sq_cidade.nextval, 'Altair', 26);
insert into tb_cidade (id_cidade, tx_cidade,id_estado) values (sq_cidade.nextval, 'Altinópolis', 26);
insert into tb_cidade (id_cidade, tx_cidade,id_estado) values (sq_cidade.nextval, 'Alto Alegre', 26);
insert into tb_cidade (id_cidade, tx_cidade,id_estado) values (sq_cidade.nextval, 'Alumínio', 26);
insert into tb_cidade (id_cidade, tx_cidade,id_estado) values (sq_cidade.nextval, 'Álvares Florence', 26);
insert into tb_cidade (id_cidade, tx_cidade,id_estado) values (sq_cidade.nextval, 'Álvares Machado', 26);
insert into tb_cidade (id_cidade, tx_cidade,id_estado) values (sq_cidade.nextval, 'Álvaro de Carvalho', 26);
insert into tb_cidade (id_cidade, tx_cidade,id_estado) values (sq_cidade.nextval, 'Alvinlândia', 26);
insert into tb_cidade (id_cidade, tx_cidade,id_estado) values (sq_cidade.nextval, 'Americana', 26);
insert into tb_cidade (id_cidade, tx_cidade,id_estado) values (sq_cidade.nextval, 'Américo Brasiliense', 26);
insert into tb_cidade (id_cidade, tx_cidade,id_estado) values (sq_cidade.nextval, 'Américo de Campos', 26);
insert into tb_cidade (id_cidade, tx_cidade,id_estado) values (sq_cidade.nextval, 'Amparo', 26);
insert into tb_cidade (id_cidade, tx_cidade,id_estado) values (sq_cidade.nextval, 'Analândia', 26);
insert into tb_cidade (id_cidade, tx_cidade,id_estado) values (sq_cidade.nextval, 'Andradina', 26);
insert into tb_cidade (id_cidade, tx_cidade,id_estado) values (sq_cidade.nextval, 'Angatuba', 26);
insert into tb_cidade (id_cidade, tx_cidade,id_estado) values (sq_cidade.nextval, 'Anhembi', 26);
insert into tb_cidade (id_cidade, tx_cidade,id_estado) values (sq_cidade.nextval, 'Anhumas', 26);
insert into tb_cidade (id_cidade, tx_cidade,id_estado) values (sq_cidade.nextval, 'Aparecida', 26);
insert into tb_cidade (id_cidade, tx_cidade,id_estado) values (sq_cidade.nextval, 'Aparecida d`Oeste', 26);
insert into tb_cidade (id_cidade, tx_cidade,id_estado) values (sq_cidade.nextval, 'Apiaí', 26);
insert into tb_cidade (id_cidade, tx_cidade,id_estado) values (sq_cidade.nextval, 'Araçariguama', 26);
insert into tb_cidade (id_cidade, tx_cidade,id_estado) values (sq_cidade.nextval, 'Araçatuba', 26);
insert into tb_cidade (id_cidade, tx_cidade,id_estado) values (sq_cidade.nextval, 'Araçoiaba da Serra', 26);
insert into tb_cidade (id_cidade, tx_cidade,id_estado) values (sq_cidade.nextval, 'Aramina', 26);
insert into tb_cidade (id_cidade, tx_cidade,id_estado) values (sq_cidade.nextval, 'Arandu', 26);
insert into tb_cidade (id_cidade, tx_cidade,id_estado) values (sq_cidade.nextval, 'Arapeí', 26);
insert into tb_cidade (id_cidade, tx_cidade,id_estado) values (sq_cidade.nextval, 'Araraquara', 26);
insert into tb_cidade (id_cidade, tx_cidade,id_estado) values (sq_cidade.nextval, 'Araras', 26);
insert into tb_cidade (id_cidade, tx_cidade,id_estado) values (sq_cidade.nextval, 'Arco-Íris', 26);
insert into tb_cidade (id_cidade, tx_cidade,id_estado) values (sq_cidade.nextval, 'Arealva', 26);
insert into tb_cidade (id_cidade, tx_cidade,id_estado) values (sq_cidade.nextval, 'Areias', 26);
insert into tb_cidade (id_cidade, tx_cidade,id_estado) values (sq_cidade.nextval, 'Areiópolis', 26);
insert into tb_cidade (id_cidade, tx_cidade,id_estado) values (sq_cidade.nextval, 'Ariranha', 26);
insert into tb_cidade (id_cidade, tx_cidade,id_estado) values (sq_cidade.nextval, 'Artur Nogueira', 26);
insert into tb_cidade (id_cidade, tx_cidade,id_estado) values (sq_cidade.nextval, 'Arujá', 26);
insert into tb_cidade (id_cidade, tx_cidade,id_estado) values (sq_cidade.nextval, 'Aspásia', 26);
insert into tb_cidade (id_cidade, tx_cidade,id_estado) values (sq_cidade.nextval, 'Assis', 26);
insert into tb_cidade (id_cidade, tx_cidade,id_estado) values (sq_cidade.nextval, 'Atibaia', 26);
insert into tb_cidade (id_cidade, tx_cidade,id_estado) values (sq_cidade.nextval, 'Auriflama', 26);
insert into tb_cidade (id_cidade, tx_cidade,id_estado) values (sq_cidade.nextval, 'Avaí', 26);
insert into tb_cidade (id_cidade, tx_cidade,id_estado) values (sq_cidade.nextval, 'Avanhandava', 26);
insert into tb_cidade (id_cidade, tx_cidade,id_estado) values (sq_cidade.nextval, 'Avaré', 26);
insert into tb_cidade (id_cidade, tx_cidade,id_estado) values (sq_cidade.nextval, 'Bady Bassitt', 26);
insert into tb_cidade (id_cidade, tx_cidade,id_estado) values (sq_cidade.nextval, 'Balbinos', 26);
insert into tb_cidade (id_cidade, tx_cidade,id_estado) values (sq_cidade.nextval, 'Bálsamo', 26);
insert into tb_cidade (id_cidade, tx_cidade,id_estado) values (sq_cidade.nextval, 'Bananal', 26);
insert into tb_cidade (id_cidade, tx_cidade,id_estado) values (sq_cidade.nextval, 'Barão de Antonina', 26);
insert into tb_cidade (id_cidade, tx_cidade,id_estado) values (sq_cidade.nextval, 'Barbosa', 26);
insert into tb_cidade (id_cidade, tx_cidade,id_estado) values (sq_cidade.nextval, 'Bariri', 26);
insert into tb_cidade (id_cidade, tx_cidade,id_estado) values (sq_cidade.nextval, 'Barra Bonita', 26);
insert into tb_cidade (id_cidade, tx_cidade,id_estado) values (sq_cidade.nextval, 'Barra do Chapéu', 26);
insert into tb_cidade (id_cidade, tx_cidade,id_estado) values (sq_cidade.nextval, 'Barra do Turvo', 26);
insert into tb_cidade (id_cidade, tx_cidade,id_estado) values (sq_cidade.nextval, 'Barretos', 26);
insert into tb_cidade (id_cidade, tx_cidade,id_estado) values (sq_cidade.nextval, 'Barrinha', 26);
insert into tb_cidade (id_cidade, tx_cidade,id_estado) values (sq_cidade.nextval, 'Barueri', 26);
insert into tb_cidade (id_cidade, tx_cidade,id_estado) values (sq_cidade.nextval, 'Bastos', 26);
insert into tb_cidade (id_cidade, tx_cidade,id_estado) values (sq_cidade.nextval, 'Batatais', 26);
insert into tb_cidade (id_cidade, tx_cidade,id_estado) values (sq_cidade.nextval, 'Bauru', 26);
insert into tb_cidade (id_cidade, tx_cidade,id_estado) values (sq_cidade.nextval, 'Bebedouro', 26);
insert into tb_cidade (id_cidade, tx_cidade,id_estado) values (sq_cidade.nextval, 'Bento de Abreu', 26);
insert into tb_cidade (id_cidade, tx_cidade,id_estado) values (sq_cidade.nextval, 'Bernardino de Campos', 26);
insert into tb_cidade (id_cidade, tx_cidade,id_estado) values (sq_cidade.nextval, 'Bertioga', 26);
insert into tb_cidade (id_cidade, tx_cidade,id_estado) values (sq_cidade.nextval, 'Bilac', 26);
insert into tb_cidade (id_cidade, tx_cidade,id_estado) values (sq_cidade.nextval, 'Birigui', 26);
insert into tb_cidade (id_cidade, tx_cidade,id_estado) values (sq_cidade.nextval, 'Biritiba-Mirim', 26);
insert into tb_cidade (id_cidade, tx_cidade,id_estado) values (sq_cidade.nextval, 'Boa Esperança do Sul', 26);
insert into tb_cidade (id_cidade, tx_cidade,id_estado) values (sq_cidade.nextval, 'Bocaina', 26);
insert into tb_cidade (id_cidade, tx_cidade,id_estado) values (sq_cidade.nextval, 'Bofete', 26);
insert into tb_cidade (id_cidade, tx_cidade,id_estado) values (sq_cidade.nextval, 'Boituva', 26);
insert into tb_cidade (id_cidade, tx_cidade,id_estado) values (sq_cidade.nextval, 'Bom Jesus dos Perdões', 26);
insert into tb_cidade (id_cidade, tx_cidade,id_estado) values (sq_cidade.nextval, 'Bom Sucesso de Itararé', 26);
insert into tb_cidade (id_cidade, tx_cidade,id_estado) values (sq_cidade.nextval, 'Borá', 26);
insert into tb_cidade (id_cidade, tx_cidade,id_estado) values (sq_cidade.nextval, 'Boracéia', 26);
insert into tb_cidade (id_cidade, tx_cidade,id_estado) values (sq_cidade.nextval, 'Borborema', 26);
insert into tb_cidade (id_cidade, tx_cidade,id_estado) values (sq_cidade.nextval, 'Borebi', 26);
insert into tb_cidade (id_cidade, tx_cidade,id_estado) values (sq_cidade.nextval, 'Botucatu', 26);
insert into tb_cidade (id_cidade, tx_cidade,id_estado) values (sq_cidade.nextval, 'Bragança Paulista', 26);
insert into tb_cidade (id_cidade, tx_cidade,id_estado) values (sq_cidade.nextval, 'Braúna', 26);
insert into tb_cidade (id_cidade, tx_cidade,id_estado) values (sq_cidade.nextval, 'Brejo Alegre', 26);
insert into tb_cidade (id_cidade, tx_cidade,id_estado) values (sq_cidade.nextval, 'Brodowski', 26);
insert into tb_cidade (id_cidade, tx_cidade,id_estado) values (sq_cidade.nextval, 'Brotas', 26);
insert into tb_cidade (id_cidade, tx_cidade,id_estado) values (sq_cidade.nextval, 'Buri', 26);
insert into tb_cidade (id_cidade, tx_cidade,id_estado) values (sq_cidade.nextval, 'Buritama', 26);
insert into tb_cidade (id_cidade, tx_cidade,id_estado) values (sq_cidade.nextval, 'Buritizal', 26);
insert into tb_cidade (id_cidade, tx_cidade,id_estado) values (sq_cidade.nextval, 'Cabrália Paulista', 26);
insert into tb_cidade (id_cidade, tx_cidade,id_estado) values (sq_cidade.nextval, 'Cabreúva', 26);
insert into tb_cidade (id_cidade, tx_cidade,id_estado) values (sq_cidade.nextval, 'Caçapava', 26);
insert into tb_cidade (id_cidade, tx_cidade,id_estado) values (sq_cidade.nextval, 'Cachoeira Paulista', 26);
insert into tb_cidade (id_cidade, tx_cidade,id_estado) values (sq_cidade.nextval, 'Caconde', 26);
insert into tb_cidade (id_cidade, tx_cidade,id_estado) values (sq_cidade.nextval, 'Cafelândia', 26);
insert into tb_cidade (id_cidade, tx_cidade,id_estado) values (sq_cidade.nextval, 'Caiabu', 26);
insert into tb_cidade (id_cidade, tx_cidade,id_estado) values (sq_cidade.nextval, 'Caieiras', 26);
insert into tb_cidade (id_cidade, tx_cidade,id_estado) values (sq_cidade.nextval, 'Caiuá', 26);
insert into tb_cidade (id_cidade, tx_cidade,id_estado) values (sq_cidade.nextval, 'Cajamar', 26);
insert into tb_cidade (id_cidade, tx_cidade,id_estado) values (sq_cidade.nextval, 'Cajati', 26);
insert into tb_cidade (id_cidade, tx_cidade,id_estado) values (sq_cidade.nextval, 'Cajobi', 26);
insert into tb_cidade (id_cidade, tx_cidade,id_estado) values (sq_cidade.nextval, 'Cajuru', 26);
insert into tb_cidade (id_cidade, tx_cidade,id_estado) values (sq_cidade.nextval, 'Campina do Monte Alegre', 26);
insert into tb_cidade (id_cidade, tx_cidade,id_estado) values (sq_cidade.nextval, 'Campinas', 26);
insert into tb_cidade (id_cidade, tx_cidade,id_estado) values (sq_cidade.nextval, 'Campo Limpo Paulista', 26);
insert into tb_cidade (id_cidade, tx_cidade,id_estado) values (sq_cidade.nextval, 'Campos do Jordão', 26);
insert into tb_cidade (id_cidade, tx_cidade,id_estado) values (sq_cidade.nextval, 'Campos Novos Paulista', 26);
insert into tb_cidade (id_cidade, tx_cidade,id_estado) values (sq_cidade.nextval, 'Cananéia', 26);
insert into tb_cidade (id_cidade, tx_cidade,id_estado) values (sq_cidade.nextval, 'Canas', 26);
insert into tb_cidade (id_cidade, tx_cidade,id_estado) values (sq_cidade.nextval, 'Cândido Mota', 26);
insert into tb_cidade (id_cidade, tx_cidade,id_estado) values (sq_cidade.nextval, 'Cândido Rodrigues', 26);
insert into tb_cidade (id_cidade, tx_cidade,id_estado) values (sq_cidade.nextval, 'Canitar', 26);
insert into tb_cidade (id_cidade, tx_cidade,id_estado) values (sq_cidade.nextval, 'Capão Bonito', 26);
insert into tb_cidade (id_cidade, tx_cidade,id_estado) values (sq_cidade.nextval, 'Capela do Alto', 26);
insert into tb_cidade (id_cidade, tx_cidade,id_estado) values (sq_cidade.nextval, 'Capivari', 26);
insert into tb_cidade (id_cidade, tx_cidade,id_estado) values (sq_cidade.nextval, 'Caraguatatuba', 26);
insert into tb_cidade (id_cidade, tx_cidade,id_estado) values (sq_cidade.nextval, 'Carapicuíba', 26);
insert into tb_cidade (id_cidade, tx_cidade,id_estado) values (sq_cidade.nextval, 'Cardoso', 26);
insert into tb_cidade (id_cidade, tx_cidade,id_estado) values (sq_cidade.nextval, 'Casa Branca', 26);
insert into tb_cidade (id_cidade, tx_cidade,id_estado) values (sq_cidade.nextval, 'Cássia dos Coqueiros', 26);
insert into tb_cidade (id_cidade, tx_cidade,id_estado) values (sq_cidade.nextval, 'Castilho', 26);
insert into tb_cidade (id_cidade, tx_cidade,id_estado) values (sq_cidade.nextval, 'Catanduva', 26);
insert into tb_cidade (id_cidade, tx_cidade,id_estado) values (sq_cidade.nextval, 'Catiguá', 26);
insert into tb_cidade (id_cidade, tx_cidade,id_estado) values (sq_cidade.nextval, 'Cedral', 26);
insert into tb_cidade (id_cidade, tx_cidade,id_estado) values (sq_cidade.nextval, 'Cerqueira César', 26);
insert into tb_cidade (id_cidade, tx_cidade,id_estado) values (sq_cidade.nextval, 'Cerquilho', 26);
insert into tb_cidade (id_cidade, tx_cidade,id_estado) values (sq_cidade.nextval, 'Cesário Lange', 26);
insert into tb_cidade (id_cidade, tx_cidade,id_estado) values (sq_cidade.nextval, 'Charqueada', 26);
insert into tb_cidade (id_cidade, tx_cidade,id_estado) values (sq_cidade.nextval, 'Chavantes', 26);
insert into tb_cidade (id_cidade, tx_cidade,id_estado) values (sq_cidade.nextval, 'Clementina', 26);
insert into tb_cidade (id_cidade, tx_cidade,id_estado) values (sq_cidade.nextval, 'Colina', 26);
insert into tb_cidade (id_cidade, tx_cidade,id_estado) values (sq_cidade.nextval, 'Colômbia', 26);
insert into tb_cidade (id_cidade, tx_cidade,id_estado) values (sq_cidade.nextval, 'Conchal', 26);
insert into tb_cidade (id_cidade, tx_cidade,id_estado) values (sq_cidade.nextval, 'Conchas', 26);
insert into tb_cidade (id_cidade, tx_cidade,id_estado) values (sq_cidade.nextval, 'Cordeirópolis', 26);
insert into tb_cidade (id_cidade, tx_cidade,id_estado) values (sq_cidade.nextval, 'Coroados', 26);
insert into tb_cidade (id_cidade, tx_cidade,id_estado) values (sq_cidade.nextval, 'Coronel Macedo', 26);
insert into tb_cidade (id_cidade, tx_cidade,id_estado) values (sq_cidade.nextval, 'Corumbataí', 26);
insert into tb_cidade (id_cidade, tx_cidade,id_estado) values (sq_cidade.nextval, 'Cosmópolis', 26);
insert into tb_cidade (id_cidade, tx_cidade,id_estado) values (sq_cidade.nextval, 'Cosmorama', 26);
insert into tb_cidade (id_cidade, tx_cidade,id_estado) values (sq_cidade.nextval, 'Cotia', 26);
insert into tb_cidade (id_cidade, tx_cidade,id_estado) values (sq_cidade.nextval, 'Cravinhos', 26);
insert into tb_cidade (id_cidade, tx_cidade,id_estado) values (sq_cidade.nextval, 'Cristais Paulista', 26);
insert into tb_cidade (id_cidade, tx_cidade,id_estado) values (sq_cidade.nextval, 'Cruzália', 26);
insert into tb_cidade (id_cidade, tx_cidade,id_estado) values (sq_cidade.nextval, 'Cruzeiro', 26);
insert into tb_cidade (id_cidade, tx_cidade,id_estado) values (sq_cidade.nextval, 'Cubatão', 26);
insert into tb_cidade (id_cidade, tx_cidade,id_estado) values (sq_cidade.nextval, 'Cunha', 26);
insert into tb_cidade (id_cidade, tx_cidade,id_estado) values (sq_cidade.nextval, 'Descalvado', 26);
insert into tb_cidade (id_cidade, tx_cidade,id_estado) values (sq_cidade.nextval, 'Diadema', 26);
insert into tb_cidade (id_cidade, tx_cidade,id_estado) values (sq_cidade.nextval, 'Dirce Reis', 26);
insert into tb_cidade (id_cidade, tx_cidade,id_estado) values (sq_cidade.nextval, 'Divinolândia', 26);
insert into tb_cidade (id_cidade, tx_cidade,id_estado) values (sq_cidade.nextval, 'Dobrada', 26);
insert into tb_cidade (id_cidade, tx_cidade,id_estado) values (sq_cidade.nextval, 'Dois Córregos', 26);
insert into tb_cidade (id_cidade, tx_cidade,id_estado) values (sq_cidade.nextval, 'Dolcinópolis', 26);
insert into tb_cidade (id_cidade, tx_cidade,id_estado) values (sq_cidade.nextval, 'Dourado', 26);
insert into tb_cidade (id_cidade, tx_cidade,id_estado) values (sq_cidade.nextval, 'Dracena', 26);
insert into tb_cidade (id_cidade, tx_cidade,id_estado) values (sq_cidade.nextval, 'Duartina', 26);
insert into tb_cidade (id_cidade, tx_cidade,id_estado) values (sq_cidade.nextval, 'Dumont', 26);
insert into tb_cidade (id_cidade, tx_cidade,id_estado) values (sq_cidade.nextval, 'Echaporã', 26);
insert into tb_cidade (id_cidade, tx_cidade,id_estado) values (sq_cidade.nextval, 'Eldorado', 26);
insert into tb_cidade (id_cidade, tx_cidade,id_estado) values (sq_cidade.nextval, 'Elias Fausto', 26);
insert into tb_cidade (id_cidade, tx_cidade,id_estado) values (sq_cidade.nextval, 'Elisiário', 26);
insert into tb_cidade (id_cidade, tx_cidade,id_estado) values (sq_cidade.nextval, 'Embaúba', 26);
insert into tb_cidade (id_cidade, tx_cidade,id_estado) values (sq_cidade.nextval, 'Embu', 26);
insert into tb_cidade (id_cidade, tx_cidade,id_estado) values (sq_cidade.nextval, 'Embu-Guaçu', 26);
insert into tb_cidade (id_cidade, tx_cidade,id_estado) values (sq_cidade.nextval, 'Emilianópolis', 26);
insert into tb_cidade (id_cidade, tx_cidade,id_estado) values (sq_cidade.nextval, 'Engenheiro Coelho', 26);
insert into tb_cidade (id_cidade, tx_cidade,id_estado) values (sq_cidade.nextval, 'Espírito Santo do Pinhal', 26);
insert into tb_cidade (id_cidade, tx_cidade,id_estado) values (sq_cidade.nextval, 'Espírito Santo do Turvo', 26);
insert into tb_cidade (id_cidade, tx_cidade,id_estado) values (sq_cidade.nextval, 'Estiva Gerbi', 26);
insert into tb_cidade (id_cidade, tx_cidade,id_estado) values (sq_cidade.nextval, 'Estrela d`Oeste', 26);
insert into tb_cidade (id_cidade, tx_cidade,id_estado) values (sq_cidade.nextval, 'Estrela do Norte', 26);
insert into tb_cidade (id_cidade, tx_cidade,id_estado) values (sq_cidade.nextval, 'Euclides da Cunha Paulista', 26);
insert into tb_cidade (id_cidade, tx_cidade,id_estado) values (sq_cidade.nextval, 'Fartura', 26);
insert into tb_cidade (id_cidade, tx_cidade,id_estado) values (sq_cidade.nextval, 'Fernando Prestes', 26);
insert into tb_cidade (id_cidade, tx_cidade,id_estado) values (sq_cidade.nextval, 'Fernandópolis', 26);
insert into tb_cidade (id_cidade, tx_cidade,id_estado) values (sq_cidade.nextval, 'Fernão', 26);
insert into tb_cidade (id_cidade, tx_cidade,id_estado) values (sq_cidade.nextval, 'Ferraz de Vasconcelos', 26);
insert into tb_cidade (id_cidade, tx_cidade,id_estado) values (sq_cidade.nextval, 'Flora Rica', 26);
insert into tb_cidade (id_cidade, tx_cidade,id_estado) values (sq_cidade.nextval, 'Floreal', 26);
insert into tb_cidade (id_cidade, tx_cidade,id_estado) values (sq_cidade.nextval, 'Flórida Paulista', 26);
insert into tb_cidade (id_cidade, tx_cidade,id_estado) values (sq_cidade.nextval, 'Florínia', 26);
insert into tb_cidade (id_cidade, tx_cidade,id_estado) values (sq_cidade.nextval, 'Franca', 26);
insert into tb_cidade (id_cidade, tx_cidade,id_estado) values (sq_cidade.nextval, 'Francisco Morato', 26);
insert into tb_cidade (id_cidade, tx_cidade,id_estado) values (sq_cidade.nextval, 'Franco da Rocha', 26);
insert into tb_cidade (id_cidade, tx_cidade,id_estado) values (sq_cidade.nextval, 'Gabriel Monteiro', 26);
insert into tb_cidade (id_cidade, tx_cidade,id_estado) values (sq_cidade.nextval, 'Gália', 26);
insert into tb_cidade (id_cidade, tx_cidade,id_estado) values (sq_cidade.nextval, 'Garça', 26);
insert into tb_cidade (id_cidade, tx_cidade,id_estado) values (sq_cidade.nextval, 'Gastão Vidigal', 26);
insert into tb_cidade (id_cidade, tx_cidade,id_estado) values (sq_cidade.nextval, 'Gavião Peixoto', 26);
insert into tb_cidade (id_cidade, tx_cidade,id_estado) values (sq_cidade.nextval, 'General Salgado', 26);
insert into tb_cidade (id_cidade, tx_cidade,id_estado) values (sq_cidade.nextval, 'Getulina', 26);
insert into tb_cidade (id_cidade, tx_cidade,id_estado) values (sq_cidade.nextval, 'Glicério', 26);
insert into tb_cidade (id_cidade, tx_cidade,id_estado) values (sq_cidade.nextval, 'Guaiçara', 26);
insert into tb_cidade (id_cidade, tx_cidade,id_estado) values (sq_cidade.nextval, 'Guaimbê', 26);
insert into tb_cidade (id_cidade, tx_cidade,id_estado) values (sq_cidade.nextval, 'Guaíra', 26);
insert into tb_cidade (id_cidade, tx_cidade,id_estado) values (sq_cidade.nextval, 'Guapiaçu', 26);
insert into tb_cidade (id_cidade, tx_cidade,id_estado) values (sq_cidade.nextval, 'Guapiara', 26);
insert into tb_cidade (id_cidade, tx_cidade,id_estado) values (sq_cidade.nextval, 'Guará', 26);
insert into tb_cidade (id_cidade, tx_cidade,id_estado) values (sq_cidade.nextval, 'Guaraçaí', 26);
insert into tb_cidade (id_cidade, tx_cidade,id_estado) values (sq_cidade.nextval, 'Guaraci', 26);
insert into tb_cidade (id_cidade, tx_cidade,id_estado) values (sq_cidade.nextval, 'Guarani d`Oeste', 26);
insert into tb_cidade (id_cidade, tx_cidade,id_estado) values (sq_cidade.nextval, 'Guarantã', 26);
insert into tb_cidade (id_cidade, tx_cidade,id_estado) values (sq_cidade.nextval, 'Guararapes', 26);
insert into tb_cidade (id_cidade, tx_cidade,id_estado) values (sq_cidade.nextval, 'Guararema', 26);
insert into tb_cidade (id_cidade, tx_cidade,id_estado) values (sq_cidade.nextval, 'Guaratinguetá', 26);
insert into tb_cidade (id_cidade, tx_cidade,id_estado) values (sq_cidade.nextval, 'Guareí', 26);
insert into tb_cidade (id_cidade, tx_cidade,id_estado) values (sq_cidade.nextval, 'Guariba', 26);
insert into tb_cidade (id_cidade, tx_cidade,id_estado) values (sq_cidade.nextval, 'Guarujá', 26);
insert into tb_cidade (id_cidade, tx_cidade,id_estado) values (sq_cidade.nextval, 'Guarulhos', 26);
insert into tb_cidade (id_cidade, tx_cidade,id_estado) values (sq_cidade.nextval, 'Guatapará', 26);
insert into tb_cidade (id_cidade, tx_cidade,id_estado) values (sq_cidade.nextval, 'Guzolândia', 26);
insert into tb_cidade (id_cidade, tx_cidade,id_estado) values (sq_cidade.nextval, 'Herculândia', 26);
insert into tb_cidade (id_cidade, tx_cidade,id_estado) values (sq_cidade.nextval, 'Holambra', 26);
insert into tb_cidade (id_cidade, tx_cidade,id_estado) values (sq_cidade.nextval, 'Hortolândia', 26);
insert into tb_cidade (id_cidade, tx_cidade,id_estado) values (sq_cidade.nextval, 'Iacanga', 26);
insert into tb_cidade (id_cidade, tx_cidade,id_estado) values (sq_cidade.nextval, 'Iacri', 26);
insert into tb_cidade (id_cidade, tx_cidade,id_estado) values (sq_cidade.nextval, 'Iaras', 26);
insert into tb_cidade (id_cidade, tx_cidade,id_estado) values (sq_cidade.nextval, 'Ibaté', 26);
insert into tb_cidade (id_cidade, tx_cidade,id_estado) values (sq_cidade.nextval, 'Ibirá', 26);
insert into tb_cidade (id_cidade, tx_cidade,id_estado) values (sq_cidade.nextval, 'Ibirarema', 26);
insert into tb_cidade (id_cidade, tx_cidade,id_estado) values (sq_cidade.nextval, 'Ibitinga', 26);
insert into tb_cidade (id_cidade, tx_cidade,id_estado) values (sq_cidade.nextval, 'Ibiúna', 26);
insert into tb_cidade (id_cidade, tx_cidade,id_estado) values (sq_cidade.nextval, 'Icém', 26);
insert into tb_cidade (id_cidade, tx_cidade,id_estado) values (sq_cidade.nextval, 'Iepê', 26);
insert into tb_cidade (id_cidade, tx_cidade,id_estado) values (sq_cidade.nextval, 'Igaraçu do Tietê', 26);
insert into tb_cidade (id_cidade, tx_cidade,id_estado) values (sq_cidade.nextval, 'Igarapava', 26);
insert into tb_cidade (id_cidade, tx_cidade,id_estado) values (sq_cidade.nextval, 'Igaratá', 26);
insert into tb_cidade (id_cidade, tx_cidade,id_estado) values (sq_cidade.nextval, 'Iguape', 26);
insert into tb_cidade (id_cidade, tx_cidade,id_estado) values (sq_cidade.nextval, 'Ilha Comprida', 26);
insert into tb_cidade (id_cidade, tx_cidade,id_estado) values (sq_cidade.nextval, 'Ilha Solteira', 26);
insert into tb_cidade (id_cidade, tx_cidade,id_estado) values (sq_cidade.nextval, 'Ilhabela', 26);
insert into tb_cidade (id_cidade, tx_cidade,id_estado) values (sq_cidade.nextval, 'Indaiatuba', 26);
insert into tb_cidade (id_cidade, tx_cidade,id_estado) values (sq_cidade.nextval, 'Indiana', 26);
insert into tb_cidade (id_cidade, tx_cidade,id_estado) values (sq_cidade.nextval, 'Indiaporã', 26);
insert into tb_cidade (id_cidade, tx_cidade,id_estado) values (sq_cidade.nextval, 'Inúbia Paulista', 26);
insert into tb_cidade (id_cidade, tx_cidade,id_estado) values (sq_cidade.nextval, 'Ipaussu', 26);
insert into tb_cidade (id_cidade, tx_cidade,id_estado) values (sq_cidade.nextval, 'Iperó', 26);
insert into tb_cidade (id_cidade, tx_cidade,id_estado) values (sq_cidade.nextval, 'Ipeúna', 26);
insert into tb_cidade (id_cidade, tx_cidade,id_estado) values (sq_cidade.nextval, 'Ipiguá', 26);
insert into tb_cidade (id_cidade, tx_cidade,id_estado) values (sq_cidade.nextval, 'Iporanga', 26);
insert into tb_cidade (id_cidade, tx_cidade,id_estado) values (sq_cidade.nextval, 'Ipuã', 26);
insert into tb_cidade (id_cidade, tx_cidade,id_estado) values (sq_cidade.nextval, 'Iracemápolis', 26);
insert into tb_cidade (id_cidade, tx_cidade,id_estado) values (sq_cidade.nextval, 'Irapuã', 26);
insert into tb_cidade (id_cidade, tx_cidade,id_estado) values (sq_cidade.nextval, 'Irapuru', 26);
insert into tb_cidade (id_cidade, tx_cidade,id_estado) values (sq_cidade.nextval, 'Itaberá', 26);
insert into tb_cidade (id_cidade, tx_cidade,id_estado) values (sq_cidade.nextval, 'Itaí', 26);
insert into tb_cidade (id_cidade, tx_cidade,id_estado) values (sq_cidade.nextval, 'Itajobi', 26);
insert into tb_cidade (id_cidade, tx_cidade,id_estado) values (sq_cidade.nextval, 'Itaju', 26);
insert into tb_cidade (id_cidade, tx_cidade,id_estado) values (sq_cidade.nextval, 'Itanhaém', 26);
insert into tb_cidade (id_cidade, tx_cidade,id_estado) values (sq_cidade.nextval, 'Itaóca', 26);
insert into tb_cidade (id_cidade, tx_cidade,id_estado) values (sq_cidade.nextval, 'Itapecerica da Serra', 26);
insert into tb_cidade (id_cidade, tx_cidade,id_estado) values (sq_cidade.nextval, 'Itapetininga', 26);
insert into tb_cidade (id_cidade, tx_cidade,id_estado) values (sq_cidade.nextval, 'Itapeva', 26);
insert into tb_cidade (id_cidade, tx_cidade,id_estado) values (sq_cidade.nextval, 'Itapevi', 26);
insert into tb_cidade (id_cidade, tx_cidade,id_estado) values (sq_cidade.nextval, 'Itapira', 26);
insert into tb_cidade (id_cidade, tx_cidade,id_estado) values (sq_cidade.nextval, 'Itapirapuã Paulista', 26);
insert into tb_cidade (id_cidade, tx_cidade,id_estado) values (sq_cidade.nextval, 'Itápolis', 26);
insert into tb_cidade (id_cidade, tx_cidade,id_estado) values (sq_cidade.nextval, 'Itaporanga', 26);
insert into tb_cidade (id_cidade, tx_cidade,id_estado) values (sq_cidade.nextval, 'Itapuí', 26);
insert into tb_cidade (id_cidade, tx_cidade,id_estado) values (sq_cidade.nextval, 'Itapura', 26);
insert into tb_cidade (id_cidade, tx_cidade,id_estado) values (sq_cidade.nextval, 'Itaquaquecetuba', 26);
insert into tb_cidade (id_cidade, tx_cidade,id_estado) values (sq_cidade.nextval, 'Itararé', 26);
insert into tb_cidade (id_cidade, tx_cidade,id_estado) values (sq_cidade.nextval, 'Itariri', 26);
insert into tb_cidade (id_cidade, tx_cidade,id_estado) values (sq_cidade.nextval, 'Itatiba', 26);
insert into tb_cidade (id_cidade, tx_cidade,id_estado) values (sq_cidade.nextval, 'Itatinga', 26);
insert into tb_cidade (id_cidade, tx_cidade,id_estado) values (sq_cidade.nextval, 'Itirapina', 26);
insert into tb_cidade (id_cidade, tx_cidade,id_estado) values (sq_cidade.nextval, 'Itirapuã', 26);
insert into tb_cidade (id_cidade, tx_cidade,id_estado) values (sq_cidade.nextval, 'Itobi', 26);
insert into tb_cidade (id_cidade, tx_cidade,id_estado) values (sq_cidade.nextval, 'Itu', 26);
insert into tb_cidade (id_cidade, tx_cidade,id_estado) values (sq_cidade.nextval, 'Itupeva', 26);
insert into tb_cidade (id_cidade, tx_cidade,id_estado) values (sq_cidade.nextval, 'Ituverava', 26);
insert into tb_cidade (id_cidade, tx_cidade,id_estado) values (sq_cidade.nextval, 'Jaborandi', 26);
insert into tb_cidade (id_cidade, tx_cidade,id_estado) values (sq_cidade.nextval, 'Jaboticabal', 26);
insert into tb_cidade (id_cidade, tx_cidade,id_estado) values (sq_cidade.nextval, 'Jacareí', 26);
insert into tb_cidade (id_cidade, tx_cidade,id_estado) values (sq_cidade.nextval, 'Jaci', 26);
insert into tb_cidade (id_cidade, tx_cidade,id_estado) values (sq_cidade.nextval, 'Jacupiranga', 26);
insert into tb_cidade (id_cidade, tx_cidade,id_estado) values (sq_cidade.nextval, 'Jaguariúna', 26);
insert into tb_cidade (id_cidade, tx_cidade,id_estado) values (sq_cidade.nextval, 'Jales', 26);
insert into tb_cidade (id_cidade, tx_cidade,id_estado) values (sq_cidade.nextval, 'Jambeiro', 26);
insert into tb_cidade (id_cidade, tx_cidade,id_estado) values (sq_cidade.nextval, 'Jandira', 26);
insert into tb_cidade (id_cidade, tx_cidade,id_estado) values (sq_cidade.nextval, 'Jardinópolis', 26);
insert into tb_cidade (id_cidade, tx_cidade,id_estado) values (sq_cidade.nextval, 'Jarinu', 26);
insert into tb_cidade (id_cidade, tx_cidade,id_estado) values (sq_cidade.nextval, 'Jaú', 26);
insert into tb_cidade (id_cidade, tx_cidade,id_estado) values (sq_cidade.nextval, 'Jeriquara', 26);
insert into tb_cidade (id_cidade, tx_cidade,id_estado) values (sq_cidade.nextval, 'Joanópolis', 26);
insert into tb_cidade (id_cidade, tx_cidade,id_estado) values (sq_cidade.nextval, 'João Ramalho', 26);
insert into tb_cidade (id_cidade, tx_cidade,id_estado) values (sq_cidade.nextval, 'José Bonifácio', 26);
insert into tb_cidade (id_cidade, tx_cidade,id_estado) values (sq_cidade.nextval, 'Júlio Mesquita', 26);
insert into tb_cidade (id_cidade, tx_cidade,id_estado) values (sq_cidade.nextval, 'Jumirim', 26);
insert into tb_cidade (id_cidade, tx_cidade,id_estado) values (sq_cidade.nextval, 'Jundiaí', 26);
insert into tb_cidade (id_cidade, tx_cidade,id_estado) values (sq_cidade.nextval, 'Junqueirópolis', 26);
insert into tb_cidade (id_cidade, tx_cidade,id_estado) values (sq_cidade.nextval, 'Juquiá', 26);
insert into tb_cidade (id_cidade, tx_cidade,id_estado) values (sq_cidade.nextval, 'Juquitiba', 26);
insert into tb_cidade (id_cidade, tx_cidade,id_estado) values (sq_cidade.nextval, 'Lagoinha', 26);
insert into tb_cidade (id_cidade, tx_cidade,id_estado) values (sq_cidade.nextval, 'Laranjal Paulista', 26);
insert into tb_cidade (id_cidade, tx_cidade,id_estado) values (sq_cidade.nextval, 'Lavínia', 26);
insert into tb_cidade (id_cidade, tx_cidade,id_estado) values (sq_cidade.nextval, 'Lavrinhas', 26);
insert into tb_cidade (id_cidade, tx_cidade,id_estado) values (sq_cidade.nextval, 'Leme', 26);
insert into tb_cidade (id_cidade, tx_cidade,id_estado) values (sq_cidade.nextval, 'Lençóis Paulista', 26);
insert into tb_cidade (id_cidade, tx_cidade,id_estado) values (sq_cidade.nextval, 'Limeira', 26);
insert into tb_cidade (id_cidade, tx_cidade,id_estado) values (sq_cidade.nextval, 'Lindóia', 26);
insert into tb_cidade (id_cidade, tx_cidade,id_estado) values (sq_cidade.nextval, 'Lins', 26);
insert into tb_cidade (id_cidade, tx_cidade,id_estado) values (sq_cidade.nextval, 'Lorena', 26);
insert into tb_cidade (id_cidade, tx_cidade,id_estado) values (sq_cidade.nextval, 'Lourdes', 26);
insert into tb_cidade (id_cidade, tx_cidade,id_estado) values (sq_cidade.nextval, 'Louveira', 26);
insert into tb_cidade (id_cidade, tx_cidade,id_estado) values (sq_cidade.nextval, 'Lucélia', 26);
insert into tb_cidade (id_cidade, tx_cidade,id_estado) values (sq_cidade.nextval, 'Lucianópolis', 26);
insert into tb_cidade (id_cidade, tx_cidade,id_estado) values (sq_cidade.nextval, 'Luís Antônio', 26);
insert into tb_cidade (id_cidade, tx_cidade,id_estado) values (sq_cidade.nextval, 'Luiziânia', 26);
insert into tb_cidade (id_cidade, tx_cidade,id_estado) values (sq_cidade.nextval, 'Lupércio', 26);
insert into tb_cidade (id_cidade, tx_cidade,id_estado) values (sq_cidade.nextval, 'Lutécia', 26);
insert into tb_cidade (id_cidade, tx_cidade,id_estado) values (sq_cidade.nextval, 'Macatuba', 26);
insert into tb_cidade (id_cidade, tx_cidade,id_estado) values (sq_cidade.nextval, 'Macaubal', 26);
insert into tb_cidade (id_cidade, tx_cidade,id_estado) values (sq_cidade.nextval, 'Macedônia', 26);
insert into tb_cidade (id_cidade, tx_cidade,id_estado) values (sq_cidade.nextval, 'Magda', 26);
insert into tb_cidade (id_cidade, tx_cidade,id_estado) values (sq_cidade.nextval, 'Mairinque', 26);
insert into tb_cidade (id_cidade, tx_cidade,id_estado) values (sq_cidade.nextval, 'Mairiporã', 26);
insert into tb_cidade (id_cidade, tx_cidade,id_estado) values (sq_cidade.nextval, 'Manduri', 26);
insert into tb_cidade (id_cidade, tx_cidade,id_estado) values (sq_cidade.nextval, 'Marabá Paulista', 26);
insert into tb_cidade (id_cidade, tx_cidade,id_estado) values (sq_cidade.nextval, 'Maracaí', 26);
insert into tb_cidade (id_cidade, tx_cidade,id_estado) values (sq_cidade.nextval, 'Marapoama', 26);
insert into tb_cidade (id_cidade, tx_cidade,id_estado) values (sq_cidade.nextval, 'Mariápolis', 26);
insert into tb_cidade (id_cidade, tx_cidade,id_estado) values (sq_cidade.nextval, 'Marília', 26);
insert into tb_cidade (id_cidade, tx_cidade,id_estado) values (sq_cidade.nextval, 'Marinópolis', 26);
insert into tb_cidade (id_cidade, tx_cidade,id_estado) values (sq_cidade.nextval, 'Martinópolis', 26);
insert into tb_cidade (id_cidade, tx_cidade,id_estado) values (sq_cidade.nextval, 'Matão', 26);
insert into tb_cidade (id_cidade, tx_cidade,id_estado) values (sq_cidade.nextval, 'Mauá', 26);
insert into tb_cidade (id_cidade, tx_cidade,id_estado) values (sq_cidade.nextval, 'Mendonça', 26);
insert into tb_cidade (id_cidade, tx_cidade,id_estado) values (sq_cidade.nextval, 'Meridiano', 26);
insert into tb_cidade (id_cidade, tx_cidade,id_estado) values (sq_cidade.nextval, 'Mesópolis', 26);
insert into tb_cidade (id_cidade, tx_cidade,id_estado) values (sq_cidade.nextval, 'Miguelópolis', 26);
insert into tb_cidade (id_cidade, tx_cidade,id_estado) values (sq_cidade.nextval, 'Mineiros do Tietê', 26);
insert into tb_cidade (id_cidade, tx_cidade,id_estado) values (sq_cidade.nextval, 'Mira Estrela', 26);
insert into tb_cidade (id_cidade, tx_cidade,id_estado) values (sq_cidade.nextval, 'Miracatu', 26);
insert into tb_cidade (id_cidade, tx_cidade,id_estado) values (sq_cidade.nextval, 'Mirandópolis', 26);
insert into tb_cidade (id_cidade, tx_cidade,id_estado) values (sq_cidade.nextval, 'Mirante do Paranapanema', 26);
insert into tb_cidade (id_cidade, tx_cidade,id_estado) values (sq_cidade.nextval, 'Mirassol', 26);
insert into tb_cidade (id_cidade, tx_cidade,id_estado) values (sq_cidade.nextval, 'Mirassolândia', 26);
insert into tb_cidade (id_cidade, tx_cidade,id_estado) values (sq_cidade.nextval, 'Mococa', 26);
insert into tb_cidade (id_cidade, tx_cidade,id_estado) values (sq_cidade.nextval, 'Mogi das Cruzes', 26);
insert into tb_cidade (id_cidade, tx_cidade,id_estado) values (sq_cidade.nextval, 'Mogi Guaçu', 26);
insert into tb_cidade (id_cidade, tx_cidade,id_estado) values (sq_cidade.nextval, 'Moji Mirim', 26);
insert into tb_cidade (id_cidade, tx_cidade,id_estado) values (sq_cidade.nextval, 'Mombuca', 26);
insert into tb_cidade (id_cidade, tx_cidade,id_estado) values (sq_cidade.nextval, 'Monções', 26);
insert into tb_cidade (id_cidade, tx_cidade,id_estado) values (sq_cidade.nextval, 'Mongaguá', 26);
insert into tb_cidade (id_cidade, tx_cidade,id_estado) values (sq_cidade.nextval, 'Monte Alegre do Sul', 26);
insert into tb_cidade (id_cidade, tx_cidade,id_estado) values (sq_cidade.nextval, 'Monte Alto', 26);
insert into tb_cidade (id_cidade, tx_cidade,id_estado) values (sq_cidade.nextval, 'Monte Aprazível', 26);
insert into tb_cidade (id_cidade, tx_cidade,id_estado) values (sq_cidade.nextval, 'Monte Azul Paulista', 26);
insert into tb_cidade (id_cidade, tx_cidade,id_estado) values (sq_cidade.nextval, 'Monte Castelo', 26);
insert into tb_cidade (id_cidade, tx_cidade,id_estado) values (sq_cidade.nextval, 'Monte Mor', 26);
insert into tb_cidade (id_cidade, tx_cidade,id_estado) values (sq_cidade.nextval, 'Monteiro Lobato', 26);
insert into tb_cidade (id_cidade, tx_cidade,id_estado) values (sq_cidade.nextval, 'Morro Agudo', 26);
insert into tb_cidade (id_cidade, tx_cidade,id_estado) values (sq_cidade.nextval, 'Morungaba', 26);
insert into tb_cidade (id_cidade, tx_cidade,id_estado) values (sq_cidade.nextval, 'Motuca', 26);
insert into tb_cidade (id_cidade, tx_cidade,id_estado) values (sq_cidade.nextval, 'Murutinga do Sul', 26);
insert into tb_cidade (id_cidade, tx_cidade,id_estado) values (sq_cidade.nextval, 'Nantes', 26);
insert into tb_cidade (id_cidade, tx_cidade,id_estado) values (sq_cidade.nextval, 'Narandiba', 26);
insert into tb_cidade (id_cidade, tx_cidade,id_estado) values (sq_cidade.nextval, 'Natividade da Serra', 26);
insert into tb_cidade (id_cidade, tx_cidade,id_estado) values (sq_cidade.nextval, 'Nazaré Paulista', 26);
insert into tb_cidade (id_cidade, tx_cidade,id_estado) values (sq_cidade.nextval, 'Neves Paulista', 26);
insert into tb_cidade (id_cidade, tx_cidade,id_estado) values (sq_cidade.nextval, 'Nhandeara', 26);
insert into tb_cidade (id_cidade, tx_cidade,id_estado) values (sq_cidade.nextval, 'Nipoã', 26);
insert into tb_cidade (id_cidade, tx_cidade,id_estado) values (sq_cidade.nextval, 'Nova Aliança', 26);
insert into tb_cidade (id_cidade, tx_cidade,id_estado) values (sq_cidade.nextval, 'Nova Campina', 26);
insert into tb_cidade (id_cidade, tx_cidade,id_estado) values (sq_cidade.nextval, 'Nova Canaã Paulista', 26);
insert into tb_cidade (id_cidade, tx_cidade,id_estado) values (sq_cidade.nextval, 'Nova Castilho', 26);
insert into tb_cidade (id_cidade, tx_cidade,id_estado) values (sq_cidade.nextval, 'Nova Europa', 26);
insert into tb_cidade (id_cidade, tx_cidade,id_estado) values (sq_cidade.nextval, 'Nova Granada', 26);
insert into tb_cidade (id_cidade, tx_cidade,id_estado) values (sq_cidade.nextval, 'Nova Guataporanga', 26);
insert into tb_cidade (id_cidade, tx_cidade,id_estado) values (sq_cidade.nextval, 'Nova Independência', 26);
insert into tb_cidade (id_cidade, tx_cidade,id_estado) values (sq_cidade.nextval, 'Nova Luzitânia', 26);
insert into tb_cidade (id_cidade, tx_cidade,id_estado) values (sq_cidade.nextval, 'Nova Odessa', 26);
insert into tb_cidade (id_cidade, tx_cidade,id_estado) values (sq_cidade.nextval, 'Novais', 26);
insert into tb_cidade (id_cidade, tx_cidade,id_estado) values (sq_cidade.nextval, 'Novo Horizonte', 26);
insert into tb_cidade (id_cidade, tx_cidade,id_estado) values (sq_cidade.nextval, 'Nuporanga', 26);
insert into tb_cidade (id_cidade, tx_cidade,id_estado) values (sq_cidade.nextval, 'Ocauçu', 26);
insert into tb_cidade (id_cidade, tx_cidade,id_estado) values (sq_cidade.nextval, 'Óleo', 26);
insert into tb_cidade (id_cidade, tx_cidade,id_estado) values (sq_cidade.nextval, 'Olímpia', 26);
insert into tb_cidade (id_cidade, tx_cidade,id_estado) values (sq_cidade.nextval, 'Onda Verde', 26);
insert into tb_cidade (id_cidade, tx_cidade,id_estado) values (sq_cidade.nextval, 'Oriente', 26);
insert into tb_cidade (id_cidade, tx_cidade,id_estado) values (sq_cidade.nextval, 'Orindiúva', 26);
insert into tb_cidade (id_cidade, tx_cidade,id_estado) values (sq_cidade.nextval, 'Orlândia', 26);
insert into tb_cidade (id_cidade, tx_cidade,id_estado) values (sq_cidade.nextval, 'Osasco', 26);
insert into tb_cidade (id_cidade, tx_cidade,id_estado) values (sq_cidade.nextval, 'Oscar Bressane', 26);
insert into tb_cidade (id_cidade, tx_cidade,id_estado) values (sq_cidade.nextval, 'Osvaldo Cruz', 26);
insert into tb_cidade (id_cidade, tx_cidade,id_estado) values (sq_cidade.nextval, 'Ourinhos', 26);
insert into tb_cidade (id_cidade, tx_cidade,id_estado) values (sq_cidade.nextval, 'Ouro Verde', 26);
insert into tb_cidade (id_cidade, tx_cidade,id_estado) values (sq_cidade.nextval, 'Ouroeste', 26);
insert into tb_cidade (id_cidade, tx_cidade,id_estado) values (sq_cidade.nextval, 'Pacaembu', 26);
insert into tb_cidade (id_cidade, tx_cidade,id_estado) values (sq_cidade.nextval, 'Palestina', 26);
insert into tb_cidade (id_cidade, tx_cidade,id_estado) values (sq_cidade.nextval, 'Palmares Paulista', 26);
insert into tb_cidade (id_cidade, tx_cidade,id_estado) values (sq_cidade.nextval, 'Palmeira d`Oeste', 26);
insert into tb_cidade (id_cidade, tx_cidade,id_estado) values (sq_cidade.nextval, 'Palmital', 26);
insert into tb_cidade (id_cidade, tx_cidade,id_estado) values (sq_cidade.nextval, 'Panorama', 26);
insert into tb_cidade (id_cidade, tx_cidade,id_estado) values (sq_cidade.nextval, 'Paraguaçu Paulista', 26);
insert into tb_cidade (id_cidade, tx_cidade,id_estado) values (sq_cidade.nextval, 'Paraibuna', 26);
insert into tb_cidade (id_cidade, tx_cidade,id_estado) values (sq_cidade.nextval, 'Paraíso', 26);
insert into tb_cidade (id_cidade, tx_cidade,id_estado) values (sq_cidade.nextval, 'Paranapanema', 26);
insert into tb_cidade (id_cidade, tx_cidade,id_estado) values (sq_cidade.nextval, 'Paranapuã', 26);
insert into tb_cidade (id_cidade, tx_cidade,id_estado) values (sq_cidade.nextval, 'Parapuã', 26);
insert into tb_cidade (id_cidade, tx_cidade,id_estado) values (sq_cidade.nextval, 'Pardinho', 26);
insert into tb_cidade (id_cidade, tx_cidade,id_estado) values (sq_cidade.nextval, 'Pariquera-Açu', 26);
insert into tb_cidade (id_cidade, tx_cidade,id_estado) values (sq_cidade.nextval, 'Parisi', 26);
insert into tb_cidade (id_cidade, tx_cidade,id_estado) values (sq_cidade.nextval, 'Patrocínio Paulista', 26);
insert into tb_cidade (id_cidade, tx_cidade,id_estado) values (sq_cidade.nextval, 'Paulicéia', 26);
insert into tb_cidade (id_cidade, tx_cidade,id_estado) values (353650, 'Paulínia', 26);
insert into tb_cidade (id_cidade, tx_cidade,id_estado) values (sq_cidade.nextval, 'Paulistânia', 26);
insert into tb_cidade (id_cidade, tx_cidade,id_estado) values (sq_cidade.nextval, 'Paulo de Faria', 26);
insert into tb_cidade (id_cidade, tx_cidade,id_estado) values (sq_cidade.nextval, 'Pederneiras', 26);
insert into tb_cidade (id_cidade, tx_cidade,id_estado) values (sq_cidade.nextval, 'Pedra Bela', 26);
insert into tb_cidade (id_cidade, tx_cidade,id_estado) values (sq_cidade.nextval, 'Pedranópolis', 26);
insert into tb_cidade (id_cidade, tx_cidade,id_estado) values (sq_cidade.nextval, 'Pedregulho', 26);
insert into tb_cidade (id_cidade, tx_cidade,id_estado) values (sq_cidade.nextval, 'Pedreira', 26);
insert into tb_cidade (id_cidade, tx_cidade,id_estado) values (sq_cidade.nextval, 'Pedrinhas Paulista', 26);
insert into tb_cidade (id_cidade, tx_cidade,id_estado) values (sq_cidade.nextval, 'Pedro de Toledo', 26);
insert into tb_cidade (id_cidade, tx_cidade,id_estado) values (sq_cidade.nextval, 'Penápolis', 26);
insert into tb_cidade (id_cidade, tx_cidade,id_estado) values (sq_cidade.nextval, 'Pereira Barreto', 26);
insert into tb_cidade (id_cidade, tx_cidade,id_estado) values (sq_cidade.nextval, 'Pereiras', 26);
insert into tb_cidade (id_cidade, tx_cidade,id_estado) values (sq_cidade.nextval, 'Peruíbe', 26);
insert into tb_cidade (id_cidade, tx_cidade,id_estado) values (sq_cidade.nextval, 'Piacatu', 26);
insert into tb_cidade (id_cidade, tx_cidade,id_estado) values (sq_cidade.nextval, 'Piedade', 26);
insert into tb_cidade (id_cidade, tx_cidade,id_estado) values (sq_cidade.nextval, 'Pilar do Sul', 26);
insert into tb_cidade (id_cidade, tx_cidade,id_estado) values (sq_cidade.nextval, 'Pindamonhangaba', 26);
insert into tb_cidade (id_cidade, tx_cidade,id_estado) values (sq_cidade.nextval, 'Pindorama', 26);
insert into tb_cidade (id_cidade, tx_cidade,id_estado) values (sq_cidade.nextval, 'Pinhalzinho', 26);
insert into tb_cidade (id_cidade, tx_cidade,id_estado) values (sq_cidade.nextval, 'Piquerobi', 26);
insert into tb_cidade (id_cidade, tx_cidade,id_estado) values (sq_cidade.nextval, 'Piquete', 26);
insert into tb_cidade (id_cidade, tx_cidade,id_estado) values (sq_cidade.nextval, 'Piracaia', 26);
insert into tb_cidade (id_cidade, tx_cidade,id_estado) values (sq_cidade.nextval, 'Piracicaba', 26);
insert into tb_cidade (id_cidade, tx_cidade,id_estado) values (sq_cidade.nextval, 'Piraju', 26);
insert into tb_cidade (id_cidade, tx_cidade,id_estado) values (sq_cidade.nextval, 'Pirajuí', 26);
insert into tb_cidade (id_cidade, tx_cidade,id_estado) values (sq_cidade.nextval, 'Pirangi', 26);
insert into tb_cidade (id_cidade, tx_cidade,id_estado) values (sq_cidade.nextval, 'Pirapora do Bom Jesus', 26);
insert into tb_cidade (id_cidade, tx_cidade,id_estado) values (sq_cidade.nextval, 'Pirapozinho', 26);
insert into tb_cidade (id_cidade, tx_cidade,id_estado) values (sq_cidade.nextval, 'Pirassununga', 26);
insert into tb_cidade (id_cidade, tx_cidade,id_estado) values (sq_cidade.nextval, 'Piratininga', 26);
insert into tb_cidade (id_cidade, tx_cidade,id_estado) values (sq_cidade.nextval, 'Pitangueiras', 26);
insert into tb_cidade (id_cidade, tx_cidade,id_estado) values (sq_cidade.nextval, 'Planalto', 26);
insert into tb_cidade (id_cidade, tx_cidade,id_estado) values (sq_cidade.nextval, 'Platina', 26);
insert into tb_cidade (id_cidade, tx_cidade,id_estado) values (sq_cidade.nextval, 'Poá', 26);
insert into tb_cidade (id_cidade, tx_cidade,id_estado) values (sq_cidade.nextval, 'Poloni', 26);
insert into tb_cidade (id_cidade, tx_cidade,id_estado) values (sq_cidade.nextval, 'Pompéia', 26);
insert into tb_cidade (id_cidade, tx_cidade,id_estado) values (sq_cidade.nextval, 'Pongaí', 26);
insert into tb_cidade (id_cidade, tx_cidade,id_estado) values (sq_cidade.nextval, 'Pontal', 26);
insert into tb_cidade (id_cidade, tx_cidade,id_estado) values (sq_cidade.nextval, 'Pontalinda', 26);
insert into tb_cidade (id_cidade, tx_cidade,id_estado) values (sq_cidade.nextval, 'Pontes Gestal', 26);
insert into tb_cidade (id_cidade, tx_cidade,id_estado) values (sq_cidade.nextval, 'Populina', 26);
insert into tb_cidade (id_cidade, tx_cidade,id_estado) values (sq_cidade.nextval, 'Porangaba', 26);
insert into tb_cidade (id_cidade, tx_cidade,id_estado) values (sq_cidade.nextval, 'Porto Feliz', 26);
insert into tb_cidade (id_cidade, tx_cidade,id_estado) values (sq_cidade.nextval, 'Porto Ferreira', 26);
insert into tb_cidade (id_cidade, tx_cidade,id_estado) values (sq_cidade.nextval, 'Potim', 26);
insert into tb_cidade (id_cidade, tx_cidade,id_estado) values (sq_cidade.nextval, 'Potirendaba', 26);
insert into tb_cidade (id_cidade, tx_cidade,id_estado) values (sq_cidade.nextval, 'Pracinha', 26);
insert into tb_cidade (id_cidade, tx_cidade,id_estado) values (sq_cidade.nextval, 'Pradópolis', 26);
insert into tb_cidade (id_cidade, tx_cidade,id_estado) values (sq_cidade.nextval, 'Praia Grande', 26);
insert into tb_cidade (id_cidade, tx_cidade,id_estado) values (sq_cidade.nextval, 'Pratânia', 26);
insert into tb_cidade (id_cidade, tx_cidade,id_estado) values (sq_cidade.nextval, 'Presidente Alves', 26);
insert into tb_cidade (id_cidade, tx_cidade,id_estado) values (sq_cidade.nextval, 'Presidente Bernardes', 26);
insert into tb_cidade (id_cidade, tx_cidade,id_estado) values (sq_cidade.nextval, 'Presidente Epitácio', 26);
insert into tb_cidade (id_cidade, tx_cidade,id_estado) values (sq_cidade.nextval, 'Presidente Prudente', 26);
insert into tb_cidade (id_cidade, tx_cidade,id_estado) values (sq_cidade.nextval, 'Presidente Venceslau', 26);
insert into tb_cidade (id_cidade, tx_cidade,id_estado) values (sq_cidade.nextval, 'Promissão', 26);
insert into tb_cidade (id_cidade, tx_cidade,id_estado) values (sq_cidade.nextval, 'Quadra', 26);
insert into tb_cidade (id_cidade, tx_cidade,id_estado) values (sq_cidade.nextval, 'Quatá', 26);
insert into tb_cidade (id_cidade, tx_cidade,id_estado) values (sq_cidade.nextval, 'Queiroz', 26);
insert into tb_cidade (id_cidade, tx_cidade,id_estado) values (sq_cidade.nextval, 'Queluz', 26);
insert into tb_cidade (id_cidade, tx_cidade,id_estado) values (sq_cidade.nextval, 'Quintana', 26);
insert into tb_cidade (id_cidade, tx_cidade,id_estado) values (sq_cidade.nextval, 'Rafard', 26);
insert into tb_cidade (id_cidade, tx_cidade,id_estado) values (sq_cidade.nextval, 'Rancharia', 26);
insert into tb_cidade (id_cidade, tx_cidade,id_estado) values (sq_cidade.nextval, 'Redenção da Serra', 26);
insert into tb_cidade (id_cidade, tx_cidade,id_estado) values (sq_cidade.nextval, 'Regente Feijó', 26);
insert into tb_cidade (id_cidade, tx_cidade,id_estado) values (sq_cidade.nextval, 'Reginópolis', 26);
insert into tb_cidade (id_cidade, tx_cidade,id_estado) values (sq_cidade.nextval, 'Registro', 26);
insert into tb_cidade (id_cidade, tx_cidade,id_estado) values (sq_cidade.nextval, 'Restinga', 26);
insert into tb_cidade (id_cidade, tx_cidade,id_estado) values (sq_cidade.nextval, 'Ribeira', 26);
insert into tb_cidade (id_cidade, tx_cidade,id_estado) values (sq_cidade.nextval, 'Ribeirão Bonito', 26);
insert into tb_cidade (id_cidade, tx_cidade,id_estado) values (sq_cidade.nextval, 'Ribeirão Branco', 26);
insert into tb_cidade (id_cidade, tx_cidade,id_estado) values (sq_cidade.nextval, 'Ribeirão Corrente', 26);
insert into tb_cidade (id_cidade, tx_cidade,id_estado) values (sq_cidade.nextval, 'Ribeirão do Sul', 26);
insert into tb_cidade (id_cidade, tx_cidade,id_estado) values (sq_cidade.nextval, 'Ribeirão dos Índios', 26);
insert into tb_cidade (id_cidade, tx_cidade,id_estado) values (sq_cidade.nextval, 'Ribeirão Grande', 26);
insert into tb_cidade (id_cidade, tx_cidade,id_estado) values (sq_cidade.nextval, 'Ribeirão Pires', 26);
insert into tb_cidade (id_cidade, tx_cidade,id_estado) values (sq_cidade.nextval, 'Ribeirão Preto', 26);
insert into tb_cidade (id_cidade, tx_cidade,id_estado) values (sq_cidade.nextval, 'Rifaina', 26);
insert into tb_cidade (id_cidade, tx_cidade,id_estado) values (sq_cidade.nextval, 'Rincão', 26);
insert into tb_cidade (id_cidade, tx_cidade,id_estado) values (sq_cidade.nextval, 'Rinópolis', 26);
insert into tb_cidade (id_cidade, tx_cidade,id_estado) values (sq_cidade.nextval, 'Rio Claro', 26);
insert into tb_cidade (id_cidade, tx_cidade,id_estado) values (sq_cidade.nextval, 'Rio das Pedras', 26);
insert into tb_cidade (id_cidade, tx_cidade,id_estado) values (sq_cidade.nextval, 'Rio Grande da Serra', 26);
insert into tb_cidade (id_cidade, tx_cidade,id_estado) values (sq_cidade.nextval, 'Riolândia', 26);
insert into tb_cidade (id_cidade, tx_cidade,id_estado) values (sq_cidade.nextval, 'Riversul', 26);
insert into tb_cidade (id_cidade, tx_cidade,id_estado) values (sq_cidade.nextval, 'Rosana', 26);
insert into tb_cidade (id_cidade, tx_cidade,id_estado) values (sq_cidade.nextval, 'Roseira', 26);
insert into tb_cidade (id_cidade, tx_cidade,id_estado) values (sq_cidade.nextval, 'Rubiácea', 26);
insert into tb_cidade (id_cidade, tx_cidade,id_estado) values (sq_cidade.nextval, 'Rubinéia', 26);
insert into tb_cidade (id_cidade, tx_cidade,id_estado) values (sq_cidade.nextval, 'Sabino', 26);
insert into tb_cidade (id_cidade, tx_cidade,id_estado) values (sq_cidade.nextval, 'Sagres', 26);
insert into tb_cidade (id_cidade, tx_cidade,id_estado) values (sq_cidade.nextval, 'Sales', 26);
insert into tb_cidade (id_cidade, tx_cidade,id_estado) values (sq_cidade.nextval, 'Sales Oliveira', 26);
insert into tb_cidade (id_cidade, tx_cidade,id_estado) values (sq_cidade.nextval, 'Salesópolis', 26);
insert into tb_cidade (id_cidade, tx_cidade,id_estado) values (sq_cidade.nextval, 'Salmourão', 26);
insert into tb_cidade (id_cidade, tx_cidade,id_estado) values (sq_cidade.nextval, 'Saltinho', 26);
insert into tb_cidade (id_cidade, tx_cidade,id_estado) values (sq_cidade.nextval, 'Salto', 26);
insert into tb_cidade (id_cidade, tx_cidade,id_estado) values (sq_cidade.nextval, 'Salto de Pirapora', 26);
insert into tb_cidade (id_cidade, tx_cidade,id_estado) values (sq_cidade.nextval, 'Salto Grande', 26);
insert into tb_cidade (id_cidade, tx_cidade,id_estado) values (sq_cidade.nextval, 'Sandovalina', 26);
insert into tb_cidade (id_cidade, tx_cidade,id_estado) values (sq_cidade.nextval, 'Santa Adélia', 26);
insert into tb_cidade (id_cidade, tx_cidade,id_estado) values (sq_cidade.nextval, 'Santa Albertina', 26);
insert into tb_cidade (id_cidade, tx_cidade,id_estado) values (sq_cidade.nextval, 'Santa Bárbara d`Oeste', 26);
insert into tb_cidade (id_cidade, tx_cidade,id_estado) values (sq_cidade.nextval, 'Santa Branca', 26);
insert into tb_cidade (id_cidade, tx_cidade,id_estado) values (sq_cidade.nextval, 'Santa Clara d`Oeste', 26);
insert into tb_cidade (id_cidade, tx_cidade,id_estado) values (sq_cidade.nextval, 'Santa Cruz da Conceição', 26);
insert into tb_cidade (id_cidade, tx_cidade,id_estado) values (sq_cidade.nextval, 'Santa Cruz da Esperança', 26);
insert into tb_cidade (id_cidade, tx_cidade,id_estado) values (sq_cidade.nextval, 'Santa Cruz das Palmeiras', 26);
insert into tb_cidade (id_cidade, tx_cidade,id_estado) values (sq_cidade.nextval, 'Santa Cruz do Rio Pardo', 26);
insert into tb_cidade (id_cidade, tx_cidade,id_estado) values (sq_cidade.nextval, 'Santa Ernestina', 26);
insert into tb_cidade (id_cidade, tx_cidade,id_estado) values (sq_cidade.nextval, 'Santa Fé do Sul', 26);
insert into tb_cidade (id_cidade, tx_cidade,id_estado) values (sq_cidade.nextval, 'Santa Gertrudes', 26);
insert into tb_cidade (id_cidade, tx_cidade,id_estado) values (sq_cidade.nextval, 'Santa Isabel', 26);
insert into tb_cidade (id_cidade, tx_cidade,id_estado) values (sq_cidade.nextval, 'Santa Lúcia', 26);
insert into tb_cidade (id_cidade, tx_cidade,id_estado) values (sq_cidade.nextval, 'Santa Maria da Serra', 26);
insert into tb_cidade (id_cidade, tx_cidade,id_estado) values (sq_cidade.nextval, 'Santa Mercedes', 26);
insert into tb_cidade (id_cidade, tx_cidade,id_estado) values (sq_cidade.nextval, 'Santa Rita d`Oeste', 26);
insert into tb_cidade (id_cidade, tx_cidade,id_estado) values (sq_cidade.nextval, 'Santa Rita do Passa Quatro', 26);
insert into tb_cidade (id_cidade, tx_cidade,id_estado) values (sq_cidade.nextval, 'Santa Rosa de Viterbo', 26);
insert into tb_cidade (id_cidade, tx_cidade,id_estado) values (sq_cidade.nextval, 'Santa Salete', 26);
insert into tb_cidade (id_cidade, tx_cidade,id_estado) values (sq_cidade.nextval, 'Santana da Ponte Pensa', 26);
insert into tb_cidade (id_cidade, tx_cidade,id_estado) values (sq_cidade.nextval, 'Santana de Parnaíba', 26);
insert into tb_cidade (id_cidade, tx_cidade,id_estado) values (sq_cidade.nextval, 'Santo Anastácio', 26);
insert into tb_cidade (id_cidade, tx_cidade,id_estado) values (sq_cidade.nextval, 'Santo André', 26);
insert into tb_cidade (id_cidade, tx_cidade,id_estado) values (sq_cidade.nextval, 'Santo Antônio da Alegria', 26);
insert into tb_cidade (id_cidade, tx_cidade,id_estado) values (sq_cidade.nextval, 'Santo Antônio de Posse', 26);
insert into tb_cidade (id_cidade, tx_cidade,id_estado) values (sq_cidade.nextval, 'Santo Antônio do Aracanguá', 26);
insert into tb_cidade (id_cidade, tx_cidade,id_estado) values (sq_cidade.nextval, 'Santo Antônio do Jardim', 26);
insert into tb_cidade (id_cidade, tx_cidade,id_estado) values (sq_cidade.nextval, 'Santo Antônio do Pinhal', 26);
insert into tb_cidade (id_cidade, tx_cidade,id_estado) values (sq_cidade.nextval, 'Santo Expedito', 26);
insert into tb_cidade (id_cidade, tx_cidade,id_estado) values (sq_cidade.nextval, 'Santópolis do Aguapeí', 26);
insert into tb_cidade (id_cidade, tx_cidade,id_estado) values (sq_cidade.nextval, 'Santos', 26);
insert into tb_cidade (id_cidade, tx_cidade,id_estado) values (sq_cidade.nextval, 'São Bento do Sapucaí', 26);
insert into tb_cidade (id_cidade, tx_cidade,id_estado) values (sq_cidade.nextval, 'São Bernardo do Campo', 26);
insert into tb_cidade (id_cidade, tx_cidade,id_estado) values (sq_cidade.nextval, 'São Caetano do Sul', 26);
insert into tb_cidade (id_cidade, tx_cidade,id_estado) values (sq_cidade.nextval, 'São Carlos', 26);
insert into tb_cidade (id_cidade, tx_cidade,id_estado) values (sq_cidade.nextval, 'São Francisco', 26);
insert into tb_cidade (id_cidade, tx_cidade,id_estado) values (sq_cidade.nextval, 'São João da Boa Vista', 26);
insert into tb_cidade (id_cidade, tx_cidade,id_estado) values (sq_cidade.nextval, 'São João das Duas Pontes', 26);
insert into tb_cidade (id_cidade, tx_cidade,id_estado) values (sq_cidade.nextval, 'São João de Iracema', 26);
insert into tb_cidade (id_cidade, tx_cidade,id_estado) values (sq_cidade.nextval, 'São João do Pau d`Alho', 26);
insert into tb_cidade (id_cidade, tx_cidade,id_estado) values (sq_cidade.nextval, 'São Joaquim da Barra', 26);
insert into tb_cidade (id_cidade, tx_cidade,id_estado) values (sq_cidade.nextval, 'São José da Bela Vista', 26);
insert into tb_cidade (id_cidade, tx_cidade,id_estado) values (sq_cidade.nextval, 'São José do Barreiro', 26);
insert into tb_cidade (id_cidade, tx_cidade,id_estado) values (sq_cidade.nextval, 'São José do Rio Pardo', 26);
insert into tb_cidade (id_cidade, tx_cidade,id_estado) values (sq_cidade.nextval, 'São José do Rio Preto', 26);
insert into tb_cidade (id_cidade, tx_cidade,id_estado) values (sq_cidade.nextval, 'São José dos Campos', 26);
insert into tb_cidade (id_cidade, tx_cidade,id_estado) values (sq_cidade.nextval, 'São Lourenço da Serra', 26);
insert into tb_cidade (id_cidade, tx_cidade,id_estado) values (sq_cidade.nextval, 'São Luís do Paraitinga', 26);
insert into tb_cidade (id_cidade, tx_cidade,id_estado) values (sq_cidade.nextval, 'São Manuel', 26);
insert into tb_cidade (id_cidade, tx_cidade,id_estado) values (sq_cidade.nextval, 'São Miguel Arcanjo', 26);
insert into tb_cidade (id_cidade, tx_cidade,id_estado) values (355030, 'São Paulo', 26);
insert into tb_cidade (id_cidade, tx_cidade,id_estado) values (sq_cidade.nextval, 'São Pedro', 26);
insert into tb_cidade (id_cidade, tx_cidade,id_estado) values (sq_cidade.nextval, 'São Pedro do Turvo', 26);
insert into tb_cidade (id_cidade, tx_cidade,id_estado) values (sq_cidade.nextval, 'São Roque', 26);
insert into tb_cidade (id_cidade, tx_cidade,id_estado) values (sq_cidade.nextval, 'São Sebastião', 26);
insert into tb_cidade (id_cidade, tx_cidade,id_estado) values (sq_cidade.nextval, 'São Sebastião da Grama', 26);
insert into tb_cidade (id_cidade, tx_cidade,id_estado) values (sq_cidade.nextval, 'São Simão', 26);
insert into tb_cidade (id_cidade, tx_cidade,id_estado) values (sq_cidade.nextval, 'São Vicente', 26);
insert into tb_cidade (id_cidade, tx_cidade,id_estado) values (sq_cidade.nextval, 'Sarapuí', 26);
insert into tb_cidade (id_cidade, tx_cidade,id_estado) values (sq_cidade.nextval, 'Sarutaiá', 26);
insert into tb_cidade (id_cidade, tx_cidade,id_estado) values (sq_cidade.nextval, 'Sebastianópolis do Sul', 26);
insert into tb_cidade (id_cidade, tx_cidade,id_estado) values (sq_cidade.nextval, 'Serra Azul', 26);
insert into tb_cidade (id_cidade, tx_cidade,id_estado) values (sq_cidade.nextval, 'Serra Negra', 26);
insert into tb_cidade (id_cidade, tx_cidade,id_estado) values (sq_cidade.nextval, 'Serrana', 26);
insert into tb_cidade (id_cidade, tx_cidade,id_estado) values (sq_cidade.nextval, 'Sertãozinho', 26);
insert into tb_cidade (id_cidade, tx_cidade,id_estado) values (sq_cidade.nextval, 'Sete Barras', 26);
insert into tb_cidade (id_cidade, tx_cidade,id_estado) values (sq_cidade.nextval, 'Severínia', 26);
insert into tb_cidade (id_cidade, tx_cidade,id_estado) values (sq_cidade.nextval, 'Silveiras', 26);
insert into tb_cidade (id_cidade, tx_cidade,id_estado) values (sq_cidade.nextval, 'Socorro', 26);
insert into tb_cidade (id_cidade, tx_cidade,id_estado) values (sq_cidade.nextval, 'Sorocaba', 26);
insert into tb_cidade (id_cidade, tx_cidade,id_estado) values (sq_cidade.nextval, 'Sud Mennucci', 26);
insert into tb_cidade (id_cidade, tx_cidade,id_estado) values (sq_cidade.nextval, 'Sumaré', 26);
insert into tb_cidade (id_cidade, tx_cidade,id_estado) values (sq_cidade.nextval, 'Suzanápolis', 26);
insert into tb_cidade (id_cidade, tx_cidade,id_estado) values (sq_cidade.nextval, 'Suzano', 26);
insert into tb_cidade (id_cidade, tx_cidade,id_estado) values (sq_cidade.nextval, 'Tabapuã', 26);
insert into tb_cidade (id_cidade, tx_cidade,id_estado) values (sq_cidade.nextval, 'Tabatinga', 26);
insert into tb_cidade (id_cidade, tx_cidade,id_estado) values (sq_cidade.nextval, 'Taboão da Serra', 26);
insert into tb_cidade (id_cidade, tx_cidade,id_estado) values (sq_cidade.nextval, 'Taciba', 26);
insert into tb_cidade (id_cidade, tx_cidade,id_estado) values (sq_cidade.nextval, 'Taguaí', 26);
insert into tb_cidade (id_cidade, tx_cidade,id_estado) values (sq_cidade.nextval, 'Taiaçu', 26);
insert into tb_cidade (id_cidade, tx_cidade,id_estado) values (sq_cidade.nextval, 'Taiúva', 26);
insert into tb_cidade (id_cidade, tx_cidade,id_estado) values (sq_cidade.nextval, 'Tambaú', 26);
insert into tb_cidade (id_cidade, tx_cidade,id_estado) values (sq_cidade.nextval, 'Tanabi', 26);
insert into tb_cidade (id_cidade, tx_cidade,id_estado) values (sq_cidade.nextval, 'Tapiraí', 26);
insert into tb_cidade (id_cidade, tx_cidade,id_estado) values (sq_cidade.nextval, 'Tapiratiba', 26);
insert into tb_cidade (id_cidade, tx_cidade,id_estado) values (sq_cidade.nextval, 'Taquaral', 26);
insert into tb_cidade (id_cidade, tx_cidade,id_estado) values (sq_cidade.nextval, 'Taquaritinga', 26);
insert into tb_cidade (id_cidade, tx_cidade,id_estado) values (sq_cidade.nextval, 'Taquarituba', 26);
insert into tb_cidade (id_cidade, tx_cidade,id_estado) values (sq_cidade.nextval, 'Taquarivaí', 26);
insert into tb_cidade (id_cidade, tx_cidade,id_estado) values (sq_cidade.nextval, 'Tarabai', 26);
insert into tb_cidade (id_cidade, tx_cidade,id_estado) values (sq_cidade.nextval, 'Tarumã', 26);
insert into tb_cidade (id_cidade, tx_cidade,id_estado) values (sq_cidade.nextval, 'Tatuí', 26);
insert into tb_cidade (id_cidade, tx_cidade,id_estado) values (sq_cidade.nextval, 'Taubaté', 26);
insert into tb_cidade (id_cidade, tx_cidade,id_estado) values (sq_cidade.nextval, 'Tejupá', 26);
insert into tb_cidade (id_cidade, tx_cidade,id_estado) values (sq_cidade.nextval, 'Teodoro Sampaio', 26);
insert into tb_cidade (id_cidade, tx_cidade,id_estado) values (sq_cidade.nextval, 'Terra Roxa', 26);
insert into tb_cidade (id_cidade, tx_cidade,id_estado) values (sq_cidade.nextval, 'Tietê', 26);
insert into tb_cidade (id_cidade, tx_cidade,id_estado) values (sq_cidade.nextval, 'Timburi', 26);
insert into tb_cidade (id_cidade, tx_cidade,id_estado) values (sq_cidade.nextval, 'Torre de Pedra', 26);
insert into tb_cidade (id_cidade, tx_cidade,id_estado) values (sq_cidade.nextval, 'Torrinha', 26);
insert into tb_cidade (id_cidade, tx_cidade,id_estado) values (sq_cidade.nextval, 'Trabiju', 26);
insert into tb_cidade (id_cidade, tx_cidade,id_estado) values (sq_cidade.nextval, 'Tremembé', 26);
insert into tb_cidade (id_cidade, tx_cidade,id_estado) values (sq_cidade.nextval, 'Três Fronteiras', 26);
insert into tb_cidade (id_cidade, tx_cidade,id_estado) values (sq_cidade.nextval, 'Tuiuti', 26);
insert into tb_cidade (id_cidade, tx_cidade,id_estado) values (sq_cidade.nextval, 'Tupã', 26);
insert into tb_cidade (id_cidade, tx_cidade,id_estado) values (sq_cidade.nextval, 'Tupi Paulista', 26);
insert into tb_cidade (id_cidade, tx_cidade,id_estado) values (sq_cidade.nextval, 'Turiúba', 26);
insert into tb_cidade (id_cidade, tx_cidade,id_estado) values (sq_cidade.nextval, 'Turmalina', 26);
insert into tb_cidade (id_cidade, tx_cidade,id_estado) values (sq_cidade.nextval, 'Ubarana', 26);
insert into tb_cidade (id_cidade, tx_cidade,id_estado) values (sq_cidade.nextval, 'Ubatuba', 26);
insert into tb_cidade (id_cidade, tx_cidade,id_estado) values (sq_cidade.nextval, 'Ubirajara', 26);
insert into tb_cidade (id_cidade, tx_cidade,id_estado) values (sq_cidade.nextval, 'Uchoa', 26);
insert into tb_cidade (id_cidade, tx_cidade,id_estado) values (sq_cidade.nextval, 'União Paulista', 26);
insert into tb_cidade (id_cidade, tx_cidade,id_estado) values (sq_cidade.nextval, 'Urânia', 26);
insert into tb_cidade (id_cidade, tx_cidade,id_estado) values (sq_cidade.nextval, 'Uru', 26);
insert into tb_cidade (id_cidade, tx_cidade,id_estado) values (sq_cidade.nextval, 'Urupês', 26);
insert into tb_cidade (id_cidade, tx_cidade,id_estado) values (sq_cidade.nextval, 'Valentim Gentil', 26);
insert into tb_cidade (id_cidade, tx_cidade,id_estado) values (sq_cidade.nextval, 'Valinhos', 26);
insert into tb_cidade (id_cidade, tx_cidade,id_estado) values (sq_cidade.nextval, 'Valparaíso', 26);
insert into tb_cidade (id_cidade, tx_cidade,id_estado) values (sq_cidade.nextval, 'Vargem', 26);
insert into tb_cidade (id_cidade, tx_cidade,id_estado) values (sq_cidade.nextval, 'Vargem Grande do Sul', 26);
insert into tb_cidade (id_cidade, tx_cidade,id_estado) values (sq_cidade.nextval, 'Vargem Grande Paulista', 26);
insert into tb_cidade (id_cidade, tx_cidade,id_estado) values (sq_cidade.nextval, 'Várzea Paulista', 26);
insert into tb_cidade (id_cidade, tx_cidade,id_estado) values (355660, 'Vera Cruz', 26);
insert into tb_cidade (id_cidade, tx_cidade,id_estado) values (355670, 'Vinhedo', 26);
insert into tb_cidade (id_cidade, tx_cidade,id_estado) values (355680, 'Viradouro', 26);
insert into tb_cidade (id_cidade, tx_cidade,id_estado) values (355690, 'Vista Alegre do Alto', 26);
insert into tb_cidade (id_cidade, tx_cidade,id_estado) values (355695, 'Vitória Brasil', 26);
insert into tb_cidade (id_cidade, tx_cidade,id_estado) values (355700, 'Votorantim', 26);
insert into tb_cidade (id_cidade, tx_cidade,id_estado) values (355710, 'Votuporanga', 26);
insert into tb_cidade (id_cidade, tx_cidade,id_estado) values (355715, 'Zacarias', 26);

--http://www.paulinia.sp.gov.br/downloads.aspx
--bairro e logradouros
commit;
spool off
exit